name,company,salary
Chandler Miranda,Duis Volutpat Nunc Ltd,"$45,845"
Natalie P. Schultz,Semper Egestas Inc.,"$10,851"
August H. Estes,Amet Incorporated,"$81,288"
Rina Hewitt,Phasellus Elit Inc.,"$61,105"
Sheila G. Welch,Vestibulum Consulting,"$40,658"
Eagan Bond,Venenatis Lacus Inc.,"$47,303"
Sierra Velazquez,Sit Amet Ornare Industries,"$69,745"
Stella Castro,Nullam Suscipit Company,"$94,311"
Kessie Koch,Leo In Ltd,"$60,204"
Jonas R. Craig,Sit Institute,"$54,019"
Inez Z. Carroll,Senectus Ltd,"$15,555"
Nelle P. Prince,Et Risus Quisque Corporation,"$73,620"
Alyssa Conrad,Ut Lacus Nulla Foundation,"$35,343"
Brody V. Freeman,Ipsum Suspendisse Sagittis Company,"$56,884"
Rachel T. Flynn,Proin Vel Arcu LLP,"$66,759"
Zia Mason,Morbi LLC,"$70,922"
Josiah K. Peters,Dictum Corporation,"$77,735"
Rose Ellis,Velit Inc.,"$23,450"
Kenyon Olsen,Vitae Company,"$83,099"
Imelda Miller,Curae; Phasellus Company,"$38,145"
Benedict X. Church,Quis Tristique Corp.,"$59,079"
Courtney Leon,Ultricies Dignissim LLC,"$89,895"
Renee J. Jordan,Amet Lorem Ltd,"$31,809"
Adria R. Gilliam,Sapien Cursus Associates,"$16,146"
Rosalyn N. Espinoza,Nullam Industries,"$29,586"
Skyler Vang,Leo Elementum Sem PC,"$78,350"
Ramona Rodriguez,Posuere Cubilia Curae; LLP,"$37,664"
Azalia W. England,Vivamus Non Industries,"$54,945"
Palmer Marks,Sociis Associates,"$71,413"
Mari Q. Herrera,Enim Associates,"$55,117"
Christine X. Snyder,Vitae Sodales Nisi PC,"$08,903"
Bianca Hopper,Ac Foundation,"$65,840"
Iris V. Torres,Nunc Interdum Limited,"$10,280"
Elmo Delgado,Aliquam Corporation,"$52,656"
Sara Butler,Proin Vel Arcu Incorporated,"$31,609"
Calista Huffman,Facilisis Corporation,"$88,053"
Boris Q. Potter,Erat Incorporated,"$92,920"
Abraham Turner,Sagittis Augue LLP,"$44,442"
Harrison P. Leblanc,Ac Metus Vitae LLC,"$61,955"
Patrick Robbins,Quisque LLP,"$32,003"
Camille Guerra,Tempor Industries,"$95,815"
Holmes H. Winters,Nulla Integer Urna PC,"$49,853"
Ryan Chapman,Elit Dictum Eu LLP,"$30,107"
Dane H. Grant,Vitae Velit Egestas Limited,"$57,179"
Aubrey Holland,Quis Ltd,"$26,516"
Brianna Lopez,Est Arcu Company,"$46,111"
Tatum E. Beach,Integer Corporation,"$16,132"
Nell Davidson,Felis LLP,"$88,282"
Aquila S. Bradley,Amet Faucibus Incorporated,"$62,651"
Lucy X. Berg,Ut Corp.,"$91,944"
Craig Prince,Ut Molestie In Limited,"$73,970"
Yvette Y. Travis,Donec Corp.,"$58,061"
Margaret O. Barker,Risus Limited,"$14,142"
Rhonda S. Foreman,Molestie Tellus Aenean Corp.,"$74,842"
Selma Z. Kidd,Mauris Magna Company,"$94,804"
Adrian Collins,Pede Nec Ante Limited,"$17,186"
Julian H. Drake,Sed Ltd,"$59,408"
Blaze Kirkland,Sed Malesuada Consulting,"$10,987"
Willow Koch,Nunc Mauris Ltd,"$72,885"
Melanie Mcbride,Integer Company,"$01,195"
Hilel P. Burgess,Tristique Ac Ltd,"$44,574"
Patricia W. Small,Fermentum Associates,"$42,345"
Julian U. Finley,Dolor Sit Amet LLC,"$49,346"
Zia F. Flynn,Donec Porttitor Company,"$83,765"
Nasim Morris,Egestas Aliquam Ltd,"$22,332"
Audra H. Knowles,Sapien Cras Dolor LLC,"$68,824"
Quamar H. Lancaster,Nec Malesuada Inc.,"$05,936"
Uriah J. Browning,Non Corp.,"$38,684"
Quemby Q. Thomas,Mauris Sagittis Placerat Associates,"$01,058"
Medge X. Russo,Tempor Bibendum Donec Inc.,"$23,029"
Willow Q. Wilkins,Urna Suscipit Nonummy Ltd,"$08,828"
Yolanda F. Alston,Interdum Curabitur Dictum Associates,"$14,736"
Baxter G. Owen,Nunc Sit Amet LLC,"$32,340"
Cairo L. Duran,Risus Consulting,"$33,492"
Tad Stewart,Id Magna Et Consulting,"$46,642"
Uriah I. Gomez,Non Dapibus Rutrum LLP,"$54,233"
Ocean T. Montgomery,Eget Dictum Placerat Associates,"$13,189"
Dorian D. House,Neque Non Inc.,"$25,078"
Kaseem Eaton,Ut Ltd,"$51,702"
Nolan Merrill,In Lobortis Tellus Incorporated,"$04,386"
Caldwell Camacho,Sed Facilisis Limited,"$26,563"
Adria S. Donaldson,Placerat Orci Lacus Company,"$47,026"
Heidi S. Gregory,Turpis Aliquam Adipiscing Corporation,"$08,503"
Taylor K. Green,Ligula Nullam Enim PC,"$46,582"
Germaine H. Peters,Diam Luctus PC,"$02,591"
Cody B. Stokes,Scelerisque Neque Nullam Corporation,"$56,963"
Hakeem Wheeler,A Associates,"$02,614"
Dai Slater,Erat In Incorporated,"$27,270"
Bert M. Suarez,Parturient Montes Consulting,"$62,081"
Reece Lindsey,Sed LLC,"$48,863"
Zenia D. Mcconnell,Semper Nam Foundation,"$00,481"
Samantha V. Buchanan,Nostra Limited,"$64,764"
Brody S. Duran,Sem Egestas Consulting,"$36,983"
Tanya Norton,Ullamcorper Consulting,"$49,692"
Samantha T. Warren,Praesent Eu Incorporated,"$00,021"
Rhona N. Patterson,Diam LLP,"$90,145"
Levi G. Kennedy,Ac Corporation,"$62,186"
Cedric Small,Tempor Diam Consulting,"$97,336"
Jordan I. Whitehead,Quam Vel Ltd,"$00,616"
Elmo M. Gardner,Egestas Consulting,"$43,630"